{"precision": [0.6176653535144101, 0.7621621621621621, 0.6699507389162561], "recall": [0.973847662634848, 0.12818181818181817, 0.12927756653992395], "f1": [0.7558995178888607, 0.21945525291828794, 0.21673306772908366], "support": [3059, 1100, 1052], "class_names": ["Essential", "Luxury", "Transport"], "class_distribution": {"0": 3059, "1": 1100, "2": 1052}}